url,domain,title,total_words,h1_count,status,issue
"https://bbc.com/news","bbc.com","BBC News - Breaking news, video and the latest top stories from the U.S. and around the world",13514,1,200,"ok"
"https://example.com","example.com","Example Domain",19,1,200,"thin content (<300 words)"
"https://httpbin.org/html","httpbin.org","",624,1,200,"missing title"
"https://en.wikipedia.org/wiki/Artificial_intelligence",ERROR,,,,,"blocked/error"
"https://www.apple.com","apple.com","Apple",10260,1,200,"ok"
"https://www.microsoft.com/en-us/microsoft-365/blog","microsoft.com","Microsoft 365 Blog | Latest Product Updates and Insights",2504,1,200,"ok"
"https://www.nytimes.com","nytimes.com","The New York Times - Breaking News, US News, World News and Videos",113945,1,200,"ok"
"https://www.bbc.com/sport","bbc.com","BBC Sport - Scores, Fixtures, News - Live Sport",26385,1,200,"ok"
"https://en.wikipedia.org/wiki/Machine_learning",ERROR,,,,,"blocked/error"
"https://www.python.org","python.org","Welcome to Python.org",1026,5,200,"ok"
"https://www.python.org/about/","python.org","About Python™ | Python.org",722,1,200,"ok"
"https://docs.python.org/3/library/urllib.html","python.org","urllib — URL handling modules — Python 3.14.7 documentation",344,1,200,"ok"
"https://www.w3.org/TR/html401/","w3.org","HTML 4.01 Specification",2117,1,200,"ok"
"https://developer.mozilla.org/en-US/docs/Web/HTML/Element/Heading",ERROR,,,,,"blocked/error"
"https://en.wikipedia.org/wiki/Data_scraping",ERROR,,,,,"blocked/error"
"https://www.reddit.com/r/programming/","reddit.com","Reddit",0,0,200,"no H1 tag"
"https://www.reddit.com/r/MachineLearning/","reddit.com","Reddit",0,0,200,"no H1 tag"
"https://www.imdb.com/title/tt0111161/",ERROR,,,,,"blocked/error"
"https://www.gutenberg.org/ebooks/1342","gutenberg.org","Pride and Prejudice by Jane Austen | Project Gutenberg",406,1,200,"ok"
"https://www.ycombinator.com/blog/","ycombinator.com","Y Combinator",993,0,200,"no H1 tag"
"https://techcrunch.com","techcrunch.com","TechCrunch | Startup and Technology News",3397,0,200,"no H1 tag"
"https://www.theverge.com","theverge.com","The Verge",35156,0,200,"no H1 tag"
"https://www.engadget.com","engadget.com","Engadget | Technology News & Expert Reviews",1963,2,200,"ok"
"https://arstechnica.com",ERROR,,,,,"blocked/error"
"https://www.cnn.com",ERROR,,,,,"blocked/error"
"https://www.forbes.com","forbes.com","Forbes",22442,0,200,"no H1 tag"
"https://www.bloomberg.com",ERROR,,,,,"blocked/error"
"https://www.reuters.com",ERROR,,,,,"blocked/error"
"https://www.shopify.com/blog","shopify.com","Ecommerce Marketing Blog - Ecommerce News, Online Store Tips and More - Shopify",2237,0,200,"no H1 tag"
"https://www.shopify.com/enterprise","shopify.com","Enterprise Ecommerce Platform | Shopify Enterprise - Shopify",4520,1,200,"ok"
"https://www.smashingmagazine.com","smashingmagazine.com","Smashing Magazine — For Web Designers And Developers",15482,1,200,"ok"
"https://css-tricks.com","css-tricks.com","CSS-Tricks - Learning for front-end designers and developers",4635,1,200,"ok"
"https://www.a16z.com","a16z.com","Andreessen Horowitz | Software Is Eating the World",806,0,200,"no H1 tag"
"https://www.ycombinator.com/library/",ERROR,,,,,"blocked/error"
"https://en.wikipedia.org/wiki/Digital_marketing",ERROR,,,,,"blocked/error"
"https://moz.com/blog",ERROR,,,,,"blocked/error"
"https://ahrefs.com/blog",ERROR,,,,,"blocked/error"
"https://neilpatel.com/blog",ERROR,,,,,"blocked/error"
"https://backlinko.com/blog",ERROR,,,,,"blocked/error"
"https://coppyblogger.com",ERROR,,,,,"blocked/error"
"https://copyhackers.com",ERROR,,,,,"blocked/error"
"https://blog.hubspot.com",ERROR,,,,,"blocked/error"
"https://buffer.com/resources",ERROR,,,,,"blocked/error"
